{
    "total_runtime": 5.383559703826904,
    "num_documents": 1,
    "input_load_time": 0,
    "workflows": {
        "create_base_text_units": {
            "overall": 0.14102602005004883,
            "0_orderby": 0.001718282699584961,
            "1_zip": 0.0018839836120605469,
            "2_aggregate_override": 0.003217458724975586,
            "3_chunk": 0.11013293266296387,
            "4_select": 0.002202749252319336,
            "5_unroll": 0.002808809280395508,
            "6_rename": 0.002214193344116211,
            "7_genid": 0.002360820770263672,
            "8_unzip": 0.0026552677154541016,
            "9_copy": 0.0023572444915771484,
            "10_filter": 0.0076105594635009766
        },
        "create_base_extracted_entities": {
            "overall": 0.030634403228759766,
            "0_entity_extract": 0.021447181701660156,
            "1_merge_graphs": 0.005849123001098633
        },
        "create_summarized_entities": {
            "overall": 0.009201526641845703,
            "0_summarize_descriptions": 0.005072593688964844
        },
        "create_base_entity_graph": {
            "overall": 0.019342660903930664,
            "0_cluster_graph": 0.011536359786987305,
            "1_select": 0.004075288772583008
        },
        "create_final_entities": {
            "overall": 0.10013699531555176,
            "0_unpack_graph": 0.004632234573364258,
            "1_rename": 0.004141092300415039,
            "2_select": 0.004527091979980469,
            "3_dedupe": 0.0048694610595703125,
            "4_rename": 0.004626274108886719,
            "5_filter": 0.011372566223144531,
            "6_text_split": 0.004965066909790039,
            "7_drop": 0.005448818206787109,
            "8_merge": 0.006695985794067383,
            "9_text_embed": 0.023524999618530273,
            "10_drop": 0.00646519660949707,
            "11_filter": 0.014755010604858398
        },
        "create_final_nodes": {
            "overall": 0.1039278507232666,
            "0_layout_graph": 0.00746607780456543,
            "1_unpack_graph": 0.0070781707763671875,
            "2_unpack_graph": 0.006606340408325195,
            "3_drop": 0.006242990493774414,
            "4_filter": 0.014937639236450195,
            "5_select": 0.007340669631958008,
            "6_rename": 0.006971120834350586,
            "7_join": 0.010607242584228516,
            "8_convert": 0.02319955825805664,
            "9_rename": 0.00768589973449707
        },
        "create_final_communities": {
            "overall": 0.1742382049560547,
            "0_unpack_graph": 0.008023262023925781,
            "1_unpack_graph": 0.007877826690673828,
            "2_aggregate_override": 0.008691549301147461,
            "3_join": 0.011138677597045898,
            "4_join": 0.011585474014282227,
            "5_concat": 0.008779287338256836,
            "6_filter": 0.019664525985717773,
            "7_aggregate_override": 0.010645151138305664,
            "8_join": 0.012969017028808594,
            "9_filter": 0.02030158042907715,
            "10_fill": 0.009078025817871094,
            "11_merge": 0.010350227355957031,
            "12_copy": 0.018303394317626953,
            "13_select": 0.009110689163208008
        },
        "join_text_units_to_entity_ids": {
            "overall": 0.04227280616760254,
            "0_select": 0.010053873062133789,
            "1_unroll": 0.011281728744506836,
            "2_aggregate_override": 0.011544466018676758
        },
        "create_final_relationships": {
            "overall": 0.14039349555969238,
            "0_unpack_graph": 0.010655641555786133,
            "1_filter": 0.02288675308227539,
            "2_rename": 0.011027336120605469,
            "3_filter": 0.024394512176513672,
            "4_drop": 0.011390447616577148,
            "5_compute_edge_combined_degree": 0.01372218132019043,
            "6_convert": 0.023507356643676758,
            "7_convert": 0.012864112854003906
        },
        "join_text_units_to_relationship_ids": {
            "overall": 0.06206560134887695,
            "0_select": 0.011749982833862305,
            "1_unroll": 0.013019800186157227,
            "2_aggregate_override": 0.013484001159667969,
            "3_select": 0.012408018112182617
        },
        "create_final_community_reports": {
            "overall": 1.1245810985565186,
            "0_prepare_community_reports_nodes": 0.013373851776123047,
            "1_prepare_community_reports_edges": 0.01379847526550293,
            "2_restore_community_hierarchy": 0.015559196472167969,
            "3_prepare_community_reports": 0.0233919620513916,
            "4_create_community_reports": 1.0323760509490967,
            "5_window": 0.01307988166809082
        },
        "create_final_text_units": {
            "overall": 0.11408448219299316,
            "0_select": 0.013259649276733398,
            "1_rename": 0.013367414474487305,
            "2_join": 0.017055511474609375,
            "3_join": 0.016755104064941406,
            "4_aggregate_override": 0.026555299758911133,
            "5_select": 0.014182329177856445
        },
        "create_base_documents": {
            "overall": 0.15373539924621582,
            "0_unroll": 0.01498270034790039,
            "1_select": 0.014386892318725586,
            "2_rename": 0.01474452018737793,
            "3_join": 0.017486095428466797,
            "4_aggregate_override": 0.015533447265625,
            "5_join": 0.01856708526611328,
            "6_rename": 0.014470815658569336,
            "7_convert": 0.0297086238861084
        },
        "create_final_documents": {
            "overall": 0.030223608016967773,
            "0_rename": 0.01538395881652832
        }
    }
}