{
    "total_runtime": 4.645971059799194,
    "num_documents": 1,
    "input_load_time": 0,
    "workflows": {
        "create_base_text_units": {
            "overall": 0.3618736267089844,
            "0_orderby": 0.003877878189086914,
            "1_zip": 0.005034446716308594,
            "2_aggregate_override": 0.008378744125366211,
            "3_chunk": 0.26788330078125,
            "4_select": 0.0059108734130859375,
            "5_unroll": 0.008737325668334961,
            "6_rename": 0.007433176040649414,
            "7_genid": 0.008159160614013672,
            "8_unzip": 0.009139537811279297,
            "9_copy": 0.008585214614868164,
            "10_filter": 0.024927616119384766
        },
        "create_base_extracted_entities": {
            "overall": 0.055245399475097656,
            "0_entity_extract": 0.03269052505493164,
            "1_merge_graphs": 0.013523578643798828
        },
        "create_summarized_entities": {
            "overall": 0.024643659591674805,
            "0_summarize_descriptions": 0.014348983764648438
        },
        "create_base_entity_graph": {
            "overall": 0.0436100959777832,
            "0_cluster_graph": 0.019474506378173828,
            "1_select": 0.013472557067871094
        },
        "create_final_entities": {
            "overall": 0.28022170066833496,
            "0_unpack_graph": 0.014760971069335938,
            "1_rename": 0.014735698699951172,
            "2_select": 0.015511512756347656,
            "3_dedupe": 0.01575636863708496,
            "4_rename": 0.015655040740966797,
            "5_filter": 0.03741645812988281,
            "6_text_split": 0.017432212829589844,
            "7_drop": 0.017582416534423828,
            "8_merge": 0.019727230072021484,
            "9_text_embed": 0.037969350814819336,
            "10_drop": 0.018555879592895508,
            "11_filter": 0.042603254318237305
        },
        "create_final_nodes": {
            "overall": 0.35283875465393066,
            "0_layout_graph": 0.04484200477600098,
            "1_unpack_graph": 0.022777557373046875,
            "2_unpack_graph": 0.021442174911499023,
            "3_drop": 0.021321535110473633,
            "4_filter": 0.04755377769470215,
            "5_select": 0.022461891174316406,
            "6_rename": 0.023303747177124023,
            "7_join": 0.030493974685668945,
            "8_convert": 0.07517719268798828,
            "9_rename": 0.024895906448364258
        },
        "create_final_communities": {
            "overall": 0.5252361297607422,
            "0_unpack_graph": 0.025957822799682617,
            "1_unpack_graph": 0.026823759078979492,
            "2_aggregate_override": 0.028740406036376953,
            "3_join": 0.03376293182373047,
            "4_join": 0.03458428382873535,
            "5_concat": 0.027350664138793945,
            "6_filter": 0.06096982955932617,
            "7_aggregate_override": 0.03083968162536621,
            "8_join": 0.035300493240356445,
            "9_filter": 0.06329226493835449,
            "10_fill": 0.02921319007873535,
            "11_merge": 0.036675453186035156,
            "12_copy": 0.03656768798828125,
            "13_select": 0.03179287910461426
        },
        "join_text_units_to_entity_ids": {
            "overall": 0.1324625015258789,
            "0_select": 0.0323486328125,
            "1_unroll": 0.03484058380126953,
            "2_aggregate_override": 0.03505206108093262
        },
        "create_final_relationships": {
            "overall": 0.44652533531188965,
            "0_unpack_graph": 0.03566265106201172,
            "1_filter": 0.07420516014099121,
            "2_rename": 0.03408408164978027,
            "3_filter": 0.07378029823303223,
            "4_drop": 0.03463149070739746,
            "5_compute_edge_combined_degree": 0.046089887619018555,
            "6_convert": 0.07967209815979004,
            "7_convert": 0.03652238845825195
        },
        "join_text_units_to_relationship_ids": {
            "overall": 0.19089579582214355,
            "0_select": 0.03749394416809082,
            "1_unroll": 0.0393679141998291,
            "2_aggregate_override": 0.0400540828704834,
            "3_select": 0.03864860534667969
        }
    }
}