{
    "total_runtime": 4.088658094406128,
    "num_documents": 1,
    "input_load_time": 0,
    "workflows": {
        "create_base_text_units": {
            "overall": 0.14120864868164062,
            "0_orderby": 0.0015063285827636719,
            "1_zip": 0.0017940998077392578,
            "2_aggregate_override": 0.0030319690704345703,
            "3_chunk": 0.10698175430297852,
            "4_select": 0.0021636486053466797,
            "5_unroll": 0.002758026123046875,
            "6_rename": 0.0022745132446289062,
            "7_genid": 0.0029802322387695312,
            "8_unzip": 0.0032672882080078125,
            "9_copy": 0.002992391586303711,
            "10_filter": 0.009798049926757812
        },
        "create_base_extracted_entities": {
            "overall": 0.029016733169555664,
            "0_entity_extract": 0.021317005157470703,
            "1_merge_graphs": 0.004943370819091797
        },
        "create_summarized_entities": {
            "overall": 0.007664680480957031,
            "0_summarize_descriptions": 0.0044705867767333984
        },
        "create_base_entity_graph": {
            "overall": 0.01449131965637207,
            "0_cluster_graph": 0.00693964958190918,
            "1_select": 0.004163503646850586
        },
        "create_final_entities": {
            "overall": 0.10548973083496094,
            "0_unpack_graph": 0.00507044792175293,
            "1_rename": 0.00478053092956543,
            "2_select": 0.0049970149993896484,
            "3_dedupe": 0.005121469497680664,
            "4_rename": 0.005237102508544922,
            "5_filter": 0.012889623641967773,
            "6_text_split": 0.00576019287109375,
            "7_drop": 0.006062507629394531,
            "8_merge": 0.006864070892333984,
            "9_text_embed": 0.024591445922851562,
            "10_drop": 0.006299018859863281,
            "11_filter": 0.013821840286254883
        },
        "create_final_nodes": {
            "overall": 0.11121678352355957,
            "0_layout_graph": 0.007301807403564453,
            "1_unpack_graph": 0.007318258285522461,
            "2_unpack_graph": 0.0074558258056640625,
            "3_filter": 0.016216039657592773,
            "4_drop": 0.008421659469604492,
            "5_select": 0.007509708404541016,
            "6_rename": 0.007462978363037109,
            "7_convert": 0.023823022842407227,
            "8_join": 0.011784076690673828,
            "9_rename": 0.00812530517578125
        },
        "create_final_communities": {
            "overall": 0.1724386215209961,
            "0_unpack_graph": 0.00773167610168457,
            "1_unpack_graph": 0.008557558059692383,
            "2_aggregate_override": 0.009998083114624023,
            "3_join": 0.012496471405029297,
            "4_join": 0.01214146614074707,
            "5_concat": 0.00893712043762207,
            "6_filter": 0.02091503143310547,
            "7_aggregate_override": 0.01100015640258789,
            "8_join": 0.012698888778686523,
            "9_filter": 0.021331310272216797,
            "10_fill": 0.00922083854675293,
            "11_merge": 0.01027679443359375,
            "12_copy": 0.009761810302734375,
            "13_select": 0.009903430938720703
        },
        "join_text_units_to_entity_ids": {
            "overall": 0.05431699752807617,
            "0_select": 0.009886741638183594,
            "1_unroll": 0.0230562686920166,
            "2_aggregate_override": 0.012128353118896484
        },
        "create_final_relationships": {
            "overall": 0.1396491527557373,
            "0_unpack_graph": 0.010518312454223633,
            "1_filter": 0.02315974235534668,
            "2_rename": 0.011204957962036133,
            "3_filter": 0.024480104446411133,
            "4_drop": 0.011232137680053711,
            "5_compute_edge_combined_degree": 0.014152288436889648,
            "6_convert": 0.02345442771911621,
            "7_convert": 0.011653900146484375
        },
        "join_text_units_to_relationship_ids": {
            "overall": 0.06175994873046875,
            "0_select": 0.011253118515014648,
            "1_unroll": 0.013097524642944336,
            "2_aggregate_override": 0.013747453689575195,
            "3_select": 0.012715816497802734
        },
        "create_final_community_reports": {
            "overall": 0.10808038711547852,
            "0_prepare_community_reports_nodes": 0.012977361679077148,
            "1_prepare_community_reports_edges": 0.013504743576049805,
            "2_restore_community_hierarchy": 0.015332460403442383,
            "3_prepare_community_reports": 0.02365851402282715,
            "4_create_community_reports": 0.016707658767700195,
            "5_window": 0.01389169692993164
        },
        "create_final_text_units": {
            "overall": 0.10485982894897461,
            "0_select": 0.013158082962036133,
            "1_rename": 0.013482332229614258,
            "2_join": 0.01674032211303711,
            "3_join": 0.017159461975097656,
            "4_aggregate_override": 0.016069412231445312,
            "5_select": 0.014837980270385742
        },
        "create_base_documents": {
            "overall": 0.16010522842407227,
            "0_unroll": 0.014981508255004883,
            "1_select": 0.01516580581665039,
            "2_rename": 0.015313386917114258,
            "3_join": 0.018250465393066406,
            "4_aggregate_override": 0.016688823699951172,
            "5_join": 0.018576622009277344,
            "6_rename": 0.015925168991088867,
            "7_convert": 0.03150534629821777
        },
        "create_final_documents": {
            "overall": 0.03008294105529785,
            "0_rename": 0.015362739562988281
        }
    }
}