{
    "total_runtime": 883.6396369934082,
    "num_documents": 1,
    "input_load_time": 0,
    "workflows": {
        "create_base_text_units": {
            "overall": 61.0544114112854,
            "0_orderby": 0.005475044250488281,
            "1_zip": 0.0059931278228759766,
            "2_aggregate_override": 0.009423494338989258,
            "3_chunk": 0.2696220874786377,
            "4_select": 0.005864381790161133,
            "5_unroll": 0.008575677871704102,
            "6_rename": 0.0075800418853759766,
            "7_genid": 0.008139848709106445,
            "8_unzip": 0.008966922760009766,
            "9_copy": 0.008480548858642578,
            "10_filter": 0.023839473724365234
        }
    }
}