{
    "total_runtime": 4.0757036209106445,
    "num_documents": 1,
    "input_load_time": 0,
    "workflows": {
        "create_base_text_units": {
            "overall": 0.13983607292175293,
            "0_orderby": 0.0015015602111816406,
            "1_zip": 0.0017952919006347656,
            "2_aggregate_override": 0.003013134002685547,
            "3_chunk": 0.10631537437438965,
            "4_select": 0.002209901809692383,
            "5_unroll": 0.002797365188598633,
            "6_rename": 0.0023927688598632812,
            "7_genid": 0.0027434825897216797,
            "8_unzip": 0.0032868385314941406,
            "9_copy": 0.002734661102294922,
            "10_filter": 0.009382009506225586
        },
        "create_base_extracted_entities": {
            "overall": 0.029656410217285156,
            "0_entity_extract": 0.02140498161315918,
            "1_merge_graphs": 0.005448102951049805
        },
        "create_summarized_entities": {
            "overall": 0.0076677799224853516,
            "0_summarize_descriptions": 0.004518747329711914
        },
        "create_base_entity_graph": {
            "overall": 0.015380620956420898,
            "0_cluster_graph": 0.0072460174560546875,
            "1_select": 0.004579067230224609
        },
        "create_final_entities": {
            "overall": 0.10774350166320801,
            "0_unpack_graph": 0.005624532699584961,
            "1_rename": 0.004771232604980469,
            "2_select": 0.005139827728271484,
            "3_dedupe": 0.0051860809326171875,
            "4_rename": 0.005214691162109375,
            "5_filter": 0.012823343276977539,
            "6_text_split": 0.005578756332397461,
            "7_drop": 0.0060117244720458984,
            "8_merge": 0.0067441463470458984,
            "9_text_embed": 0.023507118225097656,
            "10_drop": 0.006194353103637695,
            "11_filter": 0.014138936996459961
        },
        "create_final_nodes": {
            "overall": 0.1110842227935791,
            "0_layout_graph": 0.007619619369506836,
            "1_unpack_graph": 0.007623195648193359,
            "2_unpack_graph": 0.007684230804443359,
            "3_filter": 0.01645803451538086,
            "4_drop": 0.007314205169677734,
            "5_select": 0.007565975189208984,
            "6_rename": 0.007500171661376953,
            "7_convert": 0.023629188537597656,
            "8_join": 0.011670351028442383,
            "9_rename": 0.008192300796508789
        },
        "create_final_communities": {
            "overall": 0.1858832836151123,
            "0_unpack_graph": 0.007833003997802734,
            "1_unpack_graph": 0.008681297302246094,
            "2_aggregate_override": 0.009858369827270508,
            "3_join": 0.012388229370117188,
            "4_join": 0.012418270111083984,
            "5_concat": 0.008793354034423828,
            "6_filter": 0.024718523025512695,
            "7_aggregate_override": 0.014567136764526367,
            "8_join": 0.015103816986083984,
            "9_filter": 0.022600173950195312,
            "10_fill": 0.009869813919067383,
            "11_merge": 0.010788917541503906,
            "12_copy": 0.010363101959228516,
            "13_select": 0.010559320449829102
        },
        "join_text_units_to_entity_ids": {
            "overall": 0.05178356170654297,
            "0_select": 0.009726285934448242,
            "1_unroll": 0.021380186080932617,
            "2_aggregate_override": 0.011537790298461914
        },
        "create_final_relationships": {
            "overall": 0.1444568634033203,
            "0_unpack_graph": 0.010989189147949219,
            "1_filter": 0.02499699592590332,
            "2_rename": 0.011493444442749023,
            "3_filter": 0.025043010711669922,
            "4_drop": 0.011728048324584961,
            "5_compute_edge_combined_degree": 0.014164924621582031,
            "6_convert": 0.024035930633544922,
            "7_convert": 0.012118101119995117
        },
        "join_text_units_to_relationship_ids": {
            "overall": 0.06284642219543457,
            "0_select": 0.01179957389831543,
            "1_unroll": 0.013274192810058594,
            "2_aggregate_override": 0.014099836349487305,
            "3_select": 0.012880086898803711
        },
        "create_final_community_reports": {
            "overall": 0.1064615249633789,
            "0_prepare_community_reports_nodes": 0.012814044952392578,
            "1_prepare_community_reports_edges": 0.013161420822143555,
            "2_restore_community_hierarchy": 0.01563262939453125,
            "3_prepare_community_reports": 0.023322343826293945,
            "4_create_community_reports": 0.016446828842163086,
            "5_window": 0.01354217529296875
        },
        "create_final_text_units": {
            "overall": 0.10665440559387207,
            "0_select": 0.013544321060180664,
            "1_rename": 0.01391911506652832,
            "2_join": 0.017626285552978516,
            "3_join": 0.017874479293823242,
            "4_aggregate_override": 0.016185522079467773,
            "5_select": 0.014853954315185547
        },
        "create_base_documents": {
            "overall": 0.15977978706359863,
            "0_unroll": 0.015081167221069336,
            "1_select": 0.015043258666992188,
            "2_rename": 0.015347480773925781,
            "3_join": 0.0180971622467041,
            "4_aggregate_override": 0.01650857925415039,
            "5_join": 0.01862788200378418,
            "6_rename": 0.01599264144897461,
            "7_convert": 0.031607627868652344
        },
        "create_final_documents": {
            "overall": 0.03052806854248047,
            "0_rename": 0.015622377395629883
        }
    }
}