{
    "total_runtime": 9.439024448394775,
    "num_documents": 1,
    "input_load_time": 0,
    "workflows": {
        "create_base_text_units": {
            "overall": 0.3669147491455078,
            "0_orderby": 0.003970623016357422,
            "1_zip": 0.0062906742095947266,
            "2_aggregate_override": 0.009006500244140625,
            "3_chunk": 0.2687828540802002,
            "4_select": 0.006165981292724609,
            "5_unroll": 0.010283708572387695,
            "6_rename": 0.00754857063293457,
            "7_genid": 0.008324623107910156,
            "8_unzip": 0.009299993515014648,
            "9_copy": 0.009132623672485352,
            "10_filter": 0.024745464324951172
        },
        "create_base_extracted_entities": {
            "overall": 0.054958343505859375,
            "0_entity_extract": 0.03271174430847168,
            "1_merge_graphs": 0.013602495193481445
        },
        "create_summarized_entities": {
            "overall": 0.025693655014038086,
            "0_summarize_descriptions": 0.015147209167480469
        },
        "create_base_entity_graph": {
            "overall": 0.04541730880737305,
            "0_cluster_graph": 0.020240068435668945,
            "1_select": 0.013738870620727539
        },
        "create_final_entities": {
            "overall": 0.2951316833496094,
            "0_unpack_graph": 0.014937877655029297,
            "1_rename": 0.01508021354675293,
            "2_select": 0.015551567077636719,
            "3_dedupe": 0.015614986419677734,
            "4_rename": 0.016093015670776367,
            "5_filter": 0.03769540786743164,
            "6_text_split": 0.017872333526611328,
            "7_drop": 0.01793646812438965,
            "8_merge": 0.019861459732055664,
            "9_text_embed": 0.03803873062133789,
            "10_drop": 0.018222570419311523,
            "11_filter": 0.05507373809814453
        },
        "create_final_nodes": {
            "overall": 0.3376755714416504,
            "0_layout_graph": 0.024256229400634766,
            "1_unpack_graph": 0.02172541618347168,
            "2_unpack_graph": 0.02167367935180664,
            "3_drop": 0.021504640579223633,
            "4_filter": 0.04787182807922363,
            "5_select": 0.02211904525756836,
            "6_rename": 0.023108720779418945,
            "7_convert": 0.0812523365020752,
            "8_join": 0.031507015228271484,
            "9_rename": 0.02430868148803711
        },
        "create_final_communities": {
            "overall": 0.5168406963348389,
            "0_unpack_graph": 0.02653956413269043,
            "1_unpack_graph": 0.027776241302490234,
            "2_aggregate_override": 0.028905153274536133,
            "3_join": 0.03412795066833496,
            "4_join": 0.03372788429260254,
            "5_concat": 0.02826237678527832,
            "6_filter": 0.06102156639099121,
            "7_aggregate_override": 0.03185319900512695,
            "8_join": 0.035058021545410156,
            "9_filter": 0.06359601020812988,
            "10_fill": 0.029762744903564453,
            "11_merge": 0.03170609474182129,
            "12_copy": 0.030269622802734375,
            "13_select": 0.030857086181640625
        },
        "join_text_units_to_entity_ids": {
            "overall": 0.1318674087524414,
            "0_select": 0.032079219818115234,
            "1_unroll": 0.033110618591308594,
            "2_aggregate_override": 0.035219430923461914
        },
        "create_final_relationships": {
            "overall": 4.031137704849243,
            "0_unpack_graph": 0.03435850143432617,
            "1_filter": 0.0720832347869873,
            "2_rename": 0.03392767906188965,
            "3_filter": 3.6726324558258057,
            "4_drop": 0.035843610763549805,
            "5_compute_edge_combined_degree": 0.040575265884399414,
            "6_convert": 0.07288098335266113,
            "7_convert": 0.03625369071960449
        },
        "join_text_units_to_relationship_ids": {
            "overall": 0.1943807601928711,
            "0_select": 0.03815579414367676,
            "1_unroll": 0.040163278579711914,
            "2_aggregate_override": 0.040933847427368164,
            "3_select": 0.03911900520324707
        },
        "create_final_community_reports": {
            "overall": 0.33377623558044434,
            "0_prepare_community_reports_nodes": 0.05562424659729004,
            "1_prepare_community_reports_edges": 0.04198455810546875,
            "2_restore_community_hierarchy": 0.04433417320251465,
            "3_prepare_community_reports": 0.06265139579772949,
            "4_create_community_reports": 0.04677414894104004,
            "5_window": 0.04323387145996094
        },
        "create_final_text_units": {
            "overall": 0.3182375431060791,
            "0_select": 0.042693138122558594,
            "1_rename": 0.04262113571166992,
            "2_join": 0.048647403717041016,
            "3_join": 0.05016040802001953,
            "4_aggregate_override": 0.04762125015258789,
            "5_select": 0.04543900489807129
        }
    }
}