{
    "total_runtime": 7.1779868602752686,
    "num_documents": 1,
    "input_load_time": 0,
    "workflows": {
        "create_base_text_units": {
            "overall": 0.10232257843017578,
            "0_orderby": 0.0036818981170654297,
            "1_zip": 0.004511117935180664,
            "2_aggregate_override": 0.007618904113769531,
            "3_chunk": 0.006654262542724609,
            "4_select": 0.006681919097900391,
            "5_unroll": 0.00858759880065918,
            "6_rename": 0.008306741714477539,
            "7_genid": 0.011173725128173828,
            "8_unzip": 0.009391307830810547,
            "9_copy": 0.008607625961303711,
            "10_filter": 0.0236361026763916
        },
        "create_base_extracted_entities": {
            "overall": 0.03526186943054199,
            "0_entity_extract": 0.013708353042602539,
            "1_merge_graphs": 0.012878179550170898
        },
        "create_summarized_entities": {
            "overall": 0.02405381202697754,
            "0_summarize_descriptions": 0.014084577560424805
        },
        "create_base_entity_graph": {
            "overall": 0.04405784606933594,
            "0_cluster_graph": 0.01926708221435547,
            "1_select": 0.013792276382446289
        },
        "create_final_entities": {
            "overall": 0.27461838722229004,
            "0_unpack_graph": 0.015039920806884766,
            "1_rename": 0.01964712142944336,
            "2_select": 0.015954017639160156,
            "3_dedupe": 0.015879392623901367,
            "4_rename": 0.01633429527282715,
            "5_filter": 0.03779125213623047,
            "6_text_split": 0.01846456527709961,
            "7_drop": 0.018192768096923828,
            "8_merge": 0.020133018493652344,
            "9_text_embed": 0.021039724349975586,
            "10_drop": 0.01937699317932129,
            "11_filter": 0.04421830177307129
        },
        "create_final_nodes": {
            "overall": 0.3385758399963379,
            "0_layout_graph": 0.023498058319091797,
            "1_unpack_graph": 0.022950172424316406,
            "2_unpack_graph": 0.02267765998840332,
            "3_filter": 0.04969215393066406,
            "4_drop": 0.022766590118408203,
            "5_select": 0.02332615852355957,
            "6_rename": 0.02362966537475586,
            "7_convert": 0.07409501075744629,
            "8_join": 0.03128194808959961,
            "9_rename": 0.025452852249145508
        },
        "create_final_communities": {
            "overall": 0.5355746746063232,
            "0_unpack_graph": 0.02711200714111328,
            "1_unpack_graph": 0.027535200119018555,
            "2_aggregate_override": 0.029825925827026367,
            "3_join": 0.03665757179260254,
            "4_join": 0.03604769706726074,
            "5_concat": 0.028248071670532227,
            "6_filter": 0.0628042221069336,
            "7_aggregate_override": 0.03187870979309082,
            "8_join": 0.03571891784667969,
            "9_filter": 0.06566524505615234,
            "10_fill": 0.030573129653930664,
            "11_merge": 0.031583309173583984,
            "12_copy": 0.03231525421142578,
            "13_select": 0.03284597396850586
        },
        "join_text_units_to_entity_ids": {
            "overall": 0.1366744041442871,
            "0_select": 0.03293275833129883,
            "1_unroll": 0.03548598289489746,
            "2_aggregate_override": 0.03672003746032715
        },
        "create_final_relationships": {
            "overall": 0.4508812427520752,
            "0_unpack_graph": 0.0346684455871582,
            "1_filter": 0.07528948783874512,
            "2_rename": 0.036817073822021484,
            "3_filter": 0.07691335678100586,
            "4_drop": 0.036328792572021484,
            "5_compute_edge_combined_degree": 0.04233121871948242,
            "6_convert": 0.0753474235534668,
            "7_convert": 0.037962913513183594
        },
        "join_text_units_to_relationship_ids": {
            "overall": 0.20490574836730957,
            "0_select": 0.039640188217163086,
            "1_unroll": 0.04256153106689453,
            "2_aggregate_override": 0.042359113693237305,
            "3_select": 0.041413307189941406
        },
        "create_final_community_reports": {
            "overall": 0.3284153938293457,
            "0_prepare_community_reports_nodes": 0.04223179817199707,
            "1_prepare_community_reports_edges": 0.04387164115905762,
            "2_restore_community_hierarchy": 0.045700788497924805,
            "3_prepare_community_reports": 0.0649714469909668,
            "4_create_community_reports": 0.04686570167541504,
            "5_window": 0.04490780830383301
        },
        "create_final_text_units": {
            "overall": 0.3536221981048584,
            "0_select": 0.04629063606262207,
            "1_rename": 0.04702615737915039,
            "2_join": 0.05955648422241211,
            "3_join": 0.06316828727722168,
            "4_aggregate_override": 0.0480039119720459,
            "5_select": 0.04602217674255371
        },
        "create_base_documents": {
            "overall": 0.5654740333557129,
            "0_unroll": 0.05155301094055176,
            "1_select": 0.04998469352722168,
            "2_rename": 0.049871206283569336,
            "3_join": 0.05703377723693848,
            "4_aggregate_override": 0.05281543731689453,
            "5_join": 0.05640888214111328,
            "6_rename": 0.050382375717163086,
            "7_convert": 0.15099501609802246
        },
        "create_final_documents": {
            "overall": 0.10385012626647949,
            "0_rename": 0.05242204666137695
        }
    }
}