{
    "total_runtime": 1.5592758655548096,
    "num_documents": 1,
    "input_load_time": 0,
    "workflows": {
        "create_base_text_units": {
            "overall": 0.1401810646057129,
            "0_orderby": 0.0015478134155273438,
            "1_zip": 0.0017991065979003906,
            "2_aggregate_override": 0.0032558441162109375,
            "3_chunk": 0.10646367073059082,
            "4_select": 0.002226591110229492,
            "5_unroll": 0.0028409957885742188,
            "6_rename": 0.0023546218872070312,
            "7_genid": 0.002885580062866211,
            "8_unzip": 0.0033905506134033203,
            "9_copy": 0.0027534961700439453,
            "10_filter": 0.008989572525024414
        },
        "create_base_extracted_entities": {
            "overall": 0.030290842056274414,
            "0_entity_extract": 0.021795988082885742,
            "1_merge_graphs": 0.005465507507324219
        },
        "create_summarized_entities": {
            "overall": 0.01268315315246582,
            "0_summarize_descriptions": 0.006805419921875
        },
        "create_base_entity_graph": {
            "overall": 0.015025138854980469,
            "0_cluster_graph": 0.00704503059387207,
            "1_select": 0.004384040832519531
        },
        "create_final_entities": {
            "overall": 0.10660719871520996,
            "0_unpack_graph": 0.00503230094909668,
            "1_rename": 0.004845857620239258,
            "2_select": 0.005014657974243164,
            "3_dedupe": 0.005225419998168945,
            "4_rename": 0.005252838134765625,
            "5_filter": 0.013178110122680664,
            "6_text_split": 0.005915403366088867,
            "7_drop": 0.006070137023925781,
            "8_merge": 0.006908416748046875,
            "9_text_embed": 0.024220705032348633,
            "10_drop": 0.006247758865356445,
            "11_filter": 0.014770269393920898
        },
        "create_final_nodes": {
            "overall": 0.11372947692871094,
            "0_layout_graph": 0.008273601531982422,
            "1_unpack_graph": 0.00796651840209961,
            "2_unpack_graph": 0.007736921310424805,
            "3_drop": 0.0070841312408447266,
            "4_filter": 0.016678810119628906,
            "5_select": 0.007601022720336914,
            "6_rename": 0.007485389709472656,
            "7_join": 0.011810541152954102,
            "8_convert": 0.024566173553466797,
            "9_rename": 0.008107423782348633
        }
    }
}