{
    "total_runtime": 37.89799690246582,
    "num_documents": 1,
    "input_load_time": 0,
    "workflows": {
        "create_base_text_units": {
            "overall": 33.97508883476257,
            "0_orderby": 0.00360870361328125,
            "1_zip": 0.0020151138305664062,
            "2_aggregate_override": 0.004482269287109375,
            "3_chunk": 33.9386682510376,
            "4_select": 0.0024924278259277344,
            "5_unroll": 0.0035047531127929688,
            "6_rename": 0.0023179054260253906,
            "7_genid": 0.0024483203887939453,
            "8_unzip": 0.002698183059692383,
            "9_copy": 0.0023801326751708984,
            "10_filter": 0.008433103561401367
        },
        "create_base_extracted_entities": {
            "overall": 0.02913951873779297,
            "0_entity_extract": 0.021366596221923828,
            "1_merge_graphs": 0.00481867790222168
        },
        "create_summarized_entities": {
            "overall": 0.01784372329711914,
            "0_summarize_descriptions": 0.014521360397338867
        },
        "create_base_entity_graph": {
            "overall": 0.0236663818359375,
            "0_cluster_graph": 0.01623225212097168,
            "1_select": 0.0039038658142089844
        },
        "create_final_entities": {
            "overall": 0.10021519660949707,
            "0_unpack_graph": 0.004893302917480469,
            "1_rename": 0.004512786865234375,
            "2_select": 0.004610776901245117,
            "3_dedupe": 0.004906892776489258,
            "4_rename": 0.00465083122253418,
            "5_filter": 0.012741565704345703,
            "6_text_split": 0.0058116912841796875,
            "7_drop": 0.005516529083251953,
            "8_merge": 0.00635075569152832,
            "9_text_embed": 0.02293109893798828,
            "10_drop": 0.005797386169433594,
            "11_filter": 0.013339519500732422
        },
        "create_final_nodes": {
            "overall": 0.1167306900024414,
            "0_layout_graph": 0.016150712966918945,
            "1_unpack_graph": 0.0065975189208984375,
            "2_unpack_graph": 0.00655674934387207,
            "3_drop": 0.0061910152435302734,
            "4_filter": 0.014430761337280273,
            "5_select": 0.006621599197387695,
            "6_rename": 0.0065402984619140625,
            "7_join": 0.0176544189453125,
            "8_convert": 0.022820472717285156,
            "9_rename": 0.0074880123138427734
        },
        "create_final_communities": {
            "overall": 0.1697707176208496,
            "0_unpack_graph": 0.008567094802856445,
            "1_unpack_graph": 0.008561849594116211,
            "2_aggregate_override": 0.01859903335571289,
            "3_join": 0.011332273483276367,
            "4_join": 0.011106729507446289,
            "5_concat": 0.008326530456542969,
            "6_filter": 0.018991708755493164,
            "7_aggregate_override": 0.009856939315795898,
            "8_join": 0.011291742324829102,
            "9_filter": 0.019328832626342773,
            "10_fill": 0.008632421493530273,
            "11_merge": 0.009501934051513672,
            "12_copy": 0.008833646774291992,
            "13_select": 0.009195566177368164
        },
        "join_text_units_to_entity_ids": {
            "overall": 0.04308676719665527,
            "0_select": 0.01030874252319336,
            "1_unroll": 0.011137247085571289,
            "2_aggregate_override": 0.011815071105957031
        },
        "create_final_relationships": {
            "overall": 0.13184142112731934,
            "0_unpack_graph": 0.010352373123168945,
            "1_filter": 0.022324562072753906,
            "2_rename": 0.010524749755859375,
            "3_filter": 0.022593259811401367,
            "4_drop": 0.010743856430053711,
            "5_compute_edge_combined_degree": 0.012537240982055664,
            "6_convert": 0.0216827392578125,
            "7_convert": 0.011020898818969727
        },
        "join_text_units_to_relationship_ids": {
            "overall": 0.05924248695373535,
            "0_select": 0.011178731918334961,
            "1_unroll": 0.012020349502563477,
            "2_aggregate_override": 0.012896537780761719,
            "3_select": 0.012087106704711914
        },
        "create_final_community_reports": {
            "overall": 0.10915184020996094,
            "0_prepare_community_reports_nodes": 0.012292146682739258,
            "1_prepare_community_reports_edges": 0.012370109558105469,
            "2_restore_community_hierarchy": 0.013911247253417969,
            "3_prepare_community_reports": 0.02940201759338379,
            "4_create_community_reports": 0.016480207443237305,
            "5_window": 0.012879371643066406
        },
        "create_final_text_units": {
            "overall": 0.10098099708557129,
            "0_select": 0.013235092163085938,
            "1_rename": 0.013252496719360352,
            "2_join": 0.016241073608398438,
            "3_join": 0.01634359359741211,
            "4_aggregate_override": 0.01508784294128418,
            "5_select": 0.013524532318115234
        },
        "create_base_documents": {
            "overall": 0.16182947158813477,
            "0_unroll": 0.014362335205078125,
            "1_select": 0.014912843704223633,
            "2_rename": 0.014527559280395508,
            "3_join": 0.016669273376464844,
            "4_aggregate_override": 0.015070199966430664,
            "5_join": 0.026154518127441406,
            "6_rename": 0.01467585563659668,
            "7_convert": 0.03037548065185547
        },
        "create_final_documents": {
            "overall": 0.030692577362060547,
            "0_rename": 0.015537261962890625
        }
    }
}