{
    "total_runtime": 9152.130977153778,
    "num_documents": 1,
    "input_load_time": 0,
    "workflows": {
        "create_base_text_units": {
            "overall": 1636.5947096347809,
            "0_orderby": 0.0023131370544433594,
            "1_zip": 766.8236150741577,
            "2_aggregate_override": 457.38575887680054,
            "3_chunk": 40.098325967788696,
            "4_select": 1.5298359394073486,
            "5_unroll": 0.5881822109222412,
            "6_rename": 20.711301803588867,
            "7_genid": 0.4878654479980469,
            "8_unzip": 0.6164264678955078,
            "9_copy": 21.319042444229126,
            "10_filter": 44.488637924194336
        },
        "create_base_extracted_entities": {
            "overall": 1682.6197543144226,
            "0_entity_extract": 292.0817823410034,
            "1_merge_graphs": 1354.5145783424377
        },
        "create_summarized_entities": {
            "overall": 796.1603333950043,
            "0_summarize_descriptions": 768.7973442077637
        },
        "create_base_entity_graph": {
            "overall": 1228.9207763671875,
            "0_cluster_graph": 1198.4079451560974,
            "1_select": 22.32947826385498
        },
        "create_final_entities": {
            "overall": 3635.411723613739,
            "0_unpack_graph": 83.56245589256287,
            "1_rename": 11.710233211517334,
            "2_select": 8.360759496688843,
            "3_dedupe": 9.149884700775146,
            "4_rename": 3.5511791706085205,
            "5_filter": 0.7880368232727051,
            "6_text_split": 1.9001526832580566,
            "7_drop": 3.506610155105591,
            "8_merge": 3.190159797668457,
            "9_text_embed": 107.97823095321655,
            "10_drop": 6.494638204574585,
            "11_filter": 12.59741735458374
        }
    }
}