{
    "total_runtime": 1.9067137241363525,
    "num_documents": 1,
    "input_load_time": 0,
    "workflows": {
        "create_base_text_units": {
            "overall": 0.13762688636779785,
            "0_orderby": 0.0015506744384765625,
            "1_zip": 0.0018279552459716797,
            "2_aggregate_override": 0.0031387805938720703,
            "3_chunk": 0.10320186614990234,
            "4_select": 0.0022399425506591797,
            "5_unroll": 0.0028505325317382812,
            "6_rename": 0.0025022029876708984,
            "7_genid": 0.0029838085174560547,
            "8_unzip": 0.0032253265380859375,
            "9_copy": 0.002941131591796875,
            "10_filter": 0.009426593780517578
        },
        "create_base_extracted_entities": {
            "overall": 0.030934810638427734,
            "0_entity_extract": 0.022224903106689453,
            "1_merge_graphs": 0.005742549896240234
        },
        "create_summarized_entities": {
            "overall": 0.0077610015869140625,
            "0_summarize_descriptions": 0.004515886306762695
        },
        "create_base_entity_graph": {
            "overall": 0.014907121658325195,
            "0_cluster_graph": 0.007001399993896484,
            "1_select": 0.004292011260986328
        },
        "create_final_entities": {
            "overall": 0.11282610893249512,
            "0_unpack_graph": 0.0075266361236572266,
            "1_rename": 0.004950761795043945,
            "2_select": 0.005529880523681641,
            "3_dedupe": 0.00551152229309082,
            "4_rename": 0.00534367561340332,
            "5_filter": 0.013372659683227539,
            "6_text_split": 0.005908489227294922,
            "7_drop": 0.0059206485748291016,
            "8_merge": 0.006869316101074219,
            "9_text_embed": 0.02408766746520996,
            "10_drop": 0.006401538848876953,
            "11_filter": 0.014203786849975586
        },
        "create_final_nodes": {
            "overall": 0.11226081848144531,
            "0_layout_graph": 0.007946014404296875,
            "1_unpack_graph": 0.007642030715942383,
            "2_unpack_graph": 0.007642984390258789,
            "3_filter": 0.016100406646728516,
            "4_drop": 0.007065296173095703,
            "5_select": 0.0074579715728759766,
            "6_rename": 0.007322072982788086,
            "7_join": 0.011062860488891602,
            "8_convert": 0.024691104888916016,
            "9_rename": 0.008262157440185547
        },
        "create_final_communities": {
            "overall": 0.17723631858825684,
            "0_unpack_graph": 0.00788736343383789,
            "1_unpack_graph": 0.008752584457397461,
            "2_aggregate_override": 0.01024174690246582,
            "3_join": 0.012463092803955078,
            "4_join": 0.012627124786376953,
            "5_concat": 0.009246110916137695,
            "6_filter": 0.021188735961914062,
            "7_aggregate_override": 0.011262893676757812,
            "8_join": 0.01335000991821289,
            "9_filter": 0.0219728946685791,
            "10_fill": 0.009765625,
            "11_merge": 0.010680913925170898,
            "12_copy": 0.010067939758300781,
            "13_select": 0.010316610336303711
        }
    }
}