{
    "total_runtime": 20.352294445037842,
    "num_documents": 1,
    "input_load_time": 0,
    "workflows": {
        "create_base_text_units": {
            "overall": 13.271315097808838,
            "0_orderby": 0.013721704483032227,
            "1_zip": 0.0058901309967041016,
            "2_aggregate_override": 0.009948968887329102,
            "3_chunk": 13.157091856002808,
            "4_select": 0.006459712982177734,
            "5_unroll": 0.009482145309448242,
            "6_rename": 0.008022308349609375,
            "7_genid": 0.00862741470336914,
            "8_unzip": 0.009440898895263672,
            "9_copy": 0.011979818344116211,
            "10_filter": 0.026404380798339844
        },
        "create_base_extracted_entities": {
            "overall": 0.056914329528808594,
            "0_entity_extract": 0.03374218940734863,
            "1_merge_graphs": 0.013995647430419922
        },
        "create_summarized_entities": {
            "overall": 0.03379631042480469,
            "0_summarize_descriptions": 0.023802757263183594
        },
        "create_base_entity_graph": {
            "overall": 0.05389738082885742,
            "0_cluster_graph": 0.02953505516052246,
            "1_select": 0.013513565063476562
        },
        "create_final_entities": {
            "overall": 0.29533958435058594,
            "0_unpack_graph": 0.015380382537841797,
            "1_rename": 0.014948844909667969,
            "2_select": 0.015522480010986328,
            "3_dedupe": 0.016402721405029297,
            "4_rename": 0.016298770904541016,
            "5_filter": 0.03849506378173828,
            "6_text_split": 0.01746535301208496,
            "7_drop": 0.017989635467529297,
            "8_merge": 0.02005314826965332,
            "9_text_embed": 0.04719948768615723,
            "10_drop": 0.01792621612548828,
            "11_filter": 0.04414558410644531
        },
        "create_final_nodes": {
            "overall": 0.35859251022338867,
            "0_layout_graph": 0.032711029052734375,
            "1_unpack_graph": 0.022051095962524414,
            "2_unpack_graph": 0.02252054214477539,
            "3_drop": 0.02248215675354004,
            "4_filter": 0.04954195022583008,
            "5_select": 0.02320408821105957,
            "6_rename": 0.023729562759399414,
            "7_join": 0.041480064392089844,
            "8_convert": 0.07744288444519043,
            "9_rename": 0.025081872940063477
        },
        "create_final_communities": {
            "overall": 0.5381870269775391,
            "0_unpack_graph": 0.026828765869140625,
            "1_unpack_graph": 0.02725815773010254,
            "2_aggregate_override": 0.03964567184448242,
            "3_join": 0.03404879570007324,
            "4_join": 0.035211801528930664,
            "5_concat": 0.02821493148803711,
            "6_filter": 0.07136034965515137,
            "7_aggregate_override": 0.030802488327026367,
            "8_join": 0.034249305725097656,
            "9_filter": 0.06350922584533691,
            "10_fill": 0.02961277961730957,
            "11_merge": 0.03128695487976074,
            "12_copy": 0.0305478572845459,
            "13_select": 0.03042435646057129
        },
        "join_text_units_to_entity_ids": {
            "overall": 0.13193440437316895,
            "0_select": 0.0318903923034668,
            "1_unroll": 0.03497123718261719,
            "2_aggregate_override": 0.035239458084106445
        },
        "create_final_relationships": {
            "overall": 0.4497098922729492,
            "0_unpack_graph": 0.03554415702819824,
            "1_filter": 0.07456350326538086,
            "2_rename": 0.03531503677368164,
            "3_filter": 0.07588076591491699,
            "4_drop": 0.03621482849121094,
            "5_compute_edge_combined_degree": 0.042559146881103516,
            "6_convert": 0.07726740837097168,
            "7_convert": 0.03881502151489258
        },
        "join_text_units_to_relationship_ids": {
            "overall": 0.21437573432922363,
            "0_select": 0.03832507133483887,
            "1_unroll": 0.04491734504699707,
            "2_aggregate_override": 0.053983449935913086,
            "3_select": 0.04092717170715332
        },
        "create_final_community_reports": {
            "overall": 0.3257420063018799,
            "0_prepare_community_reports_nodes": 0.04177665710449219,
            "1_prepare_community_reports_edges": 0.04215526580810547,
            "2_restore_community_hierarchy": 0.04626059532165527,
            "3_prepare_community_reports": 0.06438660621643066,
            "4_create_community_reports": 0.04794788360595703,
            "5_window": 0.04369521141052246
        },
        "create_final_text_units": {
            "overall": 0.3632044792175293,
            "0_select": 0.060502052307128906,
            "1_rename": 0.04657435417175293,
            "2_join": 0.053119659423828125,
            "3_join": 0.053714752197265625,
            "4_aggregate_override": 0.05841684341430664,
            "5_select": 0.04572772979736328
        },
        "create_base_documents": {
            "overall": 0.5968732833862305,
            "0_unroll": 0.051085710525512695,
            "1_select": 0.048416852951049805,
            "2_rename": 0.048958539962768555,
            "3_join": 0.05435609817504883,
            "4_aggregate_override": 0.0526425838470459,
            "5_join": 0.06822419166564941,
            "6_rename": 0.05151939392089844,
            "7_convert": 0.17507219314575195
        },
        "create_final_documents": {
            "overall": 0.10628628730773926,
            "0_rename": 0.05389738082885742
        }
    }
}