{
    "total_runtime": 0.7881455421447754,
    "num_documents": 1,
    "input_load_time": 0,
    "workflows": {
        "create_base_text_units": {
            "overall": 0.1413707733154297,
            "0_orderby": 0.0015697479248046875,
            "1_zip": 0.0017576217651367188,
            "2_aggregate_override": 0.0030159950256347656,
            "3_chunk": 0.11046242713928223,
            "4_select": 0.0021140575408935547,
            "5_unroll": 0.0031092166900634766,
            "6_rename": 0.0021152496337890625,
            "7_genid": 0.0025587081909179688,
            "8_unzip": 0.002907991409301758,
            "9_copy": 0.002422332763671875,
            "10_filter": 0.007720232009887695
        },
        "create_base_extracted_entities": {
            "overall": 0.042560577392578125,
            "0_entity_extract": 0.028687238693237305,
            "1_merge_graphs": 0.010623931884765625
        },
        "create_summarized_entities": {
            "overall": 0.009729146957397461,
            "0_summarize_descriptions": 0.0041925907135009766
        }
    }
}